mirror,quadrant,x_mm,y_mm,radius_mm,azimuth_deg,tilt_deg,aim_height_mm,group
1280,3,-193.38,-193.38,273.47,-135.00,29.208,188.0,43
1272,3,-193.38,-182.33,265.77,-136.68,29.010,184.5,41
1264,3,-193.38,-171.28,258.32,-138.47,28.820,181.0,42
1252,3,-193.38,-160.23,251.13,-140.36,28.790,175.7,40
1236,3,-193.38,-149.18,244.23,-142.35,28.935,168.7,39
1216,3,-193.38,-138.12,237.64,-144.46,29.275,159.9,38
1192,3,-193.38,-127.08,231.39,-146.69,29.838,149.3,37
1164,3,-193.38,-116.03,225.51,-149.04,30.657,137.0,36
1140,3,-193.38,-104.98,220.03,-151.50,31.388,126.5,35
1116,3,-193.38,-93.93,214.98,-154.09,32.210,115.9,34
1080,3,-193.38,-82.88,210.39,-156.80,33.775,100.1,33
1064,3,-193.38,-71.83,206.28,-159.62,34.222,94.3,32
1032,3,-193.38,-60.78,202.70,-162.55,34.182,92.7,33
1008,3,-193.38,-49.73,199.67,-165.58,23.776,188.5,30
992,3,-193.38,-38.68,197.20,-168.69,23.641,187.5,31
956,3,-193.38,-27.62,195.34,-171.87,23.389,188.5,30
948,3,-193.38,-16.58,194.08,-175.10,23.355,187.5,31
940,3,-193.38,-5.53,193.45,-178.36,23.208,188.5,30
941,2,-193.38,5.53,193.45,178.36,23.208,188.5,30
949,2,-193.38,16.58,194.08,175.10,23.355,187.5,31
957,2,-193.38,27.62,195.34,171.87,23.389,188.5,30
993,2,-193.38,38.68,197.20,168.69,23.641,187.5,31
1009,2,-193.38,49.73,199.67,165.58,23.776,188.5,30
1033,2,-193.38,60.78,202.70,162.55,34.182,92.7,33
1065,2,-193.38,71.83,206.28,159.62,34.156,94.8,32
1081,2,-193.38,82.88,210.39,156.80,33.559,101.9,33
1117,2,-193.38,93.93,214.98,154.09,32.009,117.7,34
1141,2,-193.38,104.98,220.03,151.50,30.820,131.8,35
1165,2,-193.38,116.03,225.51,149.04,30.476,138.8,36
1193,2,-193.38,127.08,231.39,146.69,29.668,151.1,37
1217,2,-193.38,138.12,237.64,144.46,29.113,161.6,38
1237,2,-193.38,149.18,244.23,142.35,28.780,170.4,39
1253,2,-193.38,160.23,251.13,140.36,28.640,177.5,40
1265,2,-193.38,171.28,258.32,138.47,28.675,182.7,42
1273,2,-193.38,182.33,265.77,136.68,28.868,186.2,41
1281,2,-193.38,193.38,273.47,135.00,29.208,188.0,43
1274,3,-182.33,-193.38,265.77,-133.32,28.868,186.2,41
1260,3,-182.33,-182.33,257.85,-135.00,28.936,179.2,42
1244,3,-182.33,-171.28,250.16,-136.79,29.028,172.2,40
1228,3,-182.33,-160.23,242.72,-138.69,29.148,165.2,39
1208,3,-182.33,-149.18,235.58,-140.71,29.463,156.4,38
1184,3,-182.33,-138.12,228.74,-142.85,30.002,145.8,37
1156,3,-182.33,-127.08,222.24,-145.12,30.800,133.5,34
1124,3,-182.33,-116.03,216.11,-147.53,31.902,119.5,35
1088,3,-182.33,-104.98,210.39,-150.07,33.362,103.6,32
1056,3,-182.33,-93.93,205.10,-152.74,34.236,93.8,33
1016,3,-182.33,-82.88,200.28,-155.56,34.190,91.6,32
976,3,-182.33,-71.83,195.96,-158.50,23.555,187.5,31
932,3,-182.33,-60.78,192.19,-161.57,23.137,188.5,30
900,3,-182.33,-49.73,188.98,-164.74,23.652,179.0,29
884,3,-182.33,-38.68,186.38,-168.02,24.213,170.0,28
860,3,-182.33,-27.62,184.41,-171.38,23.221,179.0,29
852,3,-182.33,-16.58,183.08,-174.81,23.892,170.0,28
836,3,-182.33,-5.53,182.41,-178.26,23.018,179.0,29
837,2,-182.33,5.53,182.41,178.26,23.018,179.0,29
853,2,-182.33,16.58,183.08,174.81,23.892,170.0,28
861,2,-182.33,27.62,184.41,171.38,23.221,179.0,29
885,2,-182.33,38.68,186.38,168.02,24.213,170.0,28
901,2,-182.33,49.73,188.98,164.74,23.652,179.0,29
933,2,-182.33,60.78,192.19,161.57,23.137,188.5,30
977,2,-182.33,71.83,195.96,158.50,23.555,187.5,31
1017,2,-182.33,82.88,200.28,155.56,34.190,91.6,32
1057,2,-182.33,93.93,205.10,152.74,34.236,93.8,33
1089,2,-182.33,104.98,210.39,150.07,33.149,105.4,32
1125,2,-182.33,116.03,216.11,147.53,31.704,121.2,35
1157,2,-182.33,127.08,222.24,145.12,30.615,135.3,34
1185,2,-182.33,138.12,228.74,142.85,29.828,147.6,37
1209,2,-182.33,149.18,235.58,140.71,29.298,158.1,38
1229,2,-182.33,160.23,242.72,138.69,28.990,166.9,39
1245,2,-182.33,171.28,250.16,136.79,28.876,173.9,40
1261,2,-182.33,182.33,257.85,135.00,28.936,179.2,42
1275,2,-182.33,193.38,265.77,133.32,29.010,184.5,41
1266,3,-171.28,-193.38,258.32,-131.53,28.675,182.7,42
1246,3,-171.28,-182.33,250.16,-133.21,28.876,173.9,40
1224,3,-171.28,-171.28,242.22,-135.00,29.272,163.4,39
1200,3,-171.28,-160.23,234.54,-136.91,29.725,152.8,38
1176,3,-171.28,-149.18,227.13,-138.95,30.243,142.3,37
1142,3,-171.28,-138.12,220.03,-141.12,31.212,128.2,34
1108,3,-171.28,-127.08,213.27,-143.43,32.520,112.4,35
1072,3,-171.28,-116.03,206.87,-145.89,34.010,96.6,32
1024,3,-171.28,-104.98,200.89,-148.50,34.214,91.9,33
968,3,-171.28,-93.93,195.34,-151.26,23.428,188.5,30
916,3,-171.28,-82.88,190.27,-154.18,23.062,187.5,31
868,3,-171.28,-71.83,185.73,-157.25,24.178,170.0,28
828,3,-171.28,-60.78,181.74,-160.46,23.000,179.0,29
800,3,-171.28,-49.73,178.35,-163.81,23.479,170.0,28
776,3,-171.28,-38.68,175.59,-167.28,23.672,165.0,27
760,3,-171.28,-27.62,173.49,-170.84,24.084,158.5,26
744,3,-171.28,-16.58,172.08,-174.47,23.311,165.0,27
728,3,-171.28,-5.53,171.36,-178.15,23.853,158.5,26
729,2,-171.28,5.53,171.36,178.15,23.853,158.5,26
745,2,-171.28,16.58,172.08,174.47,23.311,165.0,27
761,2,-171.28,27.62,173.49,170.84,24.084,158.5,26
777,2,-171.28,38.68,175.59,167.28,23.672,165.0,27
801,2,-171.28,49.73,178.35,163.81,23.479,170.0,28
829,2,-171.28,60.78,181.74,160.46,23.000,179.0,29
869,2,-171.28,71.83,185.73,157.25,24.178,170.0,28
917,2,-171.28,82.88,190.27,154.18,23.062,187.5,31
969,2,-171.28,93.93,195.34,151.26,23.428,188.5,30
1025,2,-171.28,104.98,200.89,148.50,34.214,91.9,33
1073,2,-171.28,116.03,206.87,145.89,33.788,98.4,32
1109,2,-171.28,127.08,213.27,143.43,32.315,114.2,35
1143,2,-171.28,138.12,220.03,141.12,31.022,130.0,34
1177,2,-171.28,149.18,227.13,138.95,30.066,144.1,37
1201,2,-171.28,160.23,234.54,136.91,29.558,154.6,38
1225,2,-171.28,171.28,242.22,135.00,29.272,163.4,39
1247,2,-171.28,182.33,250.16,133.21,29.028,172.2,40
1267,2,-171.28,193.38,258.32,131.53,28.820,181.0,42
1254,3,-160.23,-193.38,251.13,-129.64,28.640,177.5,40
1230,3,-160.23,-182.33,242.72,-131.31,28.990,166.9,39
1202,3,-160.23,-171.28,234.54,-133.09,29.558,154.6,38
1172,3,-160.23,-160.23,226.59,-135.00,30.384,140.5,37
1132,3,-160.23,-149.18,218.92,-137.05,31.714,123.0,34
1100,3,-160.23,-138.12,211.54,-139.24,32.821,108.9,35
1048,3,-160.23,-127.08,204.50,-141.58,34.253,93.5,32
1000,3,-160.23,-116.03,197.82,-144.09,23.733,187.5,31
924,3,-160.23,-104.98,191.55,-146.77,23.101,188.5,30
870,3,-160.23,-93.93,185.73,-149.62,23.383,179.0,29
820,3,-160.23,-82.88,180.39,-152.65,23.692,170.0,28
778,3,-160.23,-71.83,175.59,-155.85,23.697,165.0,27
730,3,-160.23,-60.78,171.36,-159.23,23.906,158.5,26
712,3,-160.23,-49.73,167.76,-162.76,22.915,165.0,27
680,3,-160.23,-38.68,164.83,-166.43,24.512,146.0,24
668,3,-160.23,-27.62,162.59,-170.22,23.644,152.0,25
644,3,-160.23,-16.58,161.08,-174.09,24.100,146.0,24
636,3,-160.23,-5.53,160.32,-178.03,23.382,152.0,25
637,2,-160.23,5.53,160.32,178.03,23.382,152.0,25
645,2,-160.23,16.58,161.08,174.09,24.100,146.0,24
669,2,-160.23,27.62,162.59,170.22,23.644,152.0,25
681,2,-160.23,38.68,164.83,166.43,24.512,146.0,24
713,2,-160.23,49.73,167.76,162.76,22.915,165.0,27
731,2,-160.23,60.78,171.36,159.23,23.906,158.5,26
779,2,-160.23,71.83,175.59,155.85,23.697,165.0,27
821,2,-160.23,82.88,180.39,152.65,23.692,170.0,28
871,2,-160.23,93.93,185.73,149.62,23.383,179.0,29
925,2,-160.23,104.98,191.55,146.77,23.101,188.5,30
1001,2,-160.23,116.03,197.82,144.09,23.733,187.5,31
1049,2,-160.23,127.08,204.50,141.58,34.253,93.5,32
1101,2,-160.23,138.12,211.54,139.24,32.612,110.7,35
1133,2,-160.23,149.18,218.92,137.05,31.520,124.7,34
1173,2,-160.23,160.23,226.59,135.00,30.384,140.5,37
1203,2,-160.23,171.28,234.54,133.09,29.725,152.8,38
1231,2,-160.23,182.33,242.72,131.31,29.148,165.2,39
1255,2,-160.23,193.38,251.13,129.64,28.790,175.7,40
1238,3,-149.18,-193.38,244.23,-127.65,28.780,170.4,39
1210,3,-149.18,-182.33,235.58,-129.29,29.298,158.1,38
1178,3,-149.18,-171.28,227.13,-131.05,30.066,144.1,37
1134,3,-149.18,-160.23,218.92,-132.95,31.520,124.7,34
1096,3,-149.18,-149.18,210.97,-135.00,32.993,107.2,33
1040,3,-149.18,-138.12,203.30,-137.20,34.247,93.0,32
978,3,-149.18,-127.08,195.96,-139.57,23.575,187.5,31
902,3,-149.18,-116.03,188.98,-142.13,24.491,170.0,28
838,3,-149.18,-104.98,182.41,-144.87,23.083,179.0,29
792,3,-149.18,-93.93,176.28,-147.80,24.403,158.5,26
720,3,-149.18,-82.88,170.65,-150.95,23.223,165.0,27
696,3,-149.18,-71.83,165.57,-154.29,24.616,146.0,24
646,3,-149.18,-60.78,161.08,-157.83,23.519,152.0,25
620,3,-149.18,-49.73,157.24,-161.57,23.733,146.0,24
596,3,-149.18,-38.68,154.11,-165.47,24.260,138.0,23
588,3,-149.18,-27.62,151.71,-169.51,24.498,133.5,22
564,3,-149.18,-16.58,150.09,-173.66,23.789,138.0,23
548,3,-149.18,-5.53,149.28,-177.88,24.195,133.5,22
549,2,-149.18,5.53,149.28,177.88,24.195,133.5,22
565,2,-149.18,16.58,150.09,173.66,23.789,138.0,23
589,2,-149.18,27.62,151.71,169.51,24.498,133.5,22
597,2,-149.18,38.68,154.11,165.47,24.260,138.0,23
621,2,-149.18,49.73,157.24,161.57,23.733,146.0,24
647,2,-149.18,60.78,161.08,157.83,23.519,152.0,25
697,2,-149.18,71.83,165.57,154.29,24.616,146.0,24
721,2,-149.18,82.88,170.65,150.95,23.223,165.0,27
793,2,-149.18,93.93,176.28,147.80,24.403,158.5,26
839,2,-149.18,104.98,182.41,144.87,23.083,179.0,29
903,2,-149.18,116.03,188.98,142.13,24.491,170.0,28
979,2,-149.18,127.08,195.96,139.57,23.575,187.5,31
1041,2,-149.18,138.12,203.30,137.20,34.247,93.0,32
1097,2,-149.18,149.18,210.97,135.00,32.993,107.2,33
1135,2,-149.18,160.23,218.92,132.95,31.714,123.0,34
1179,2,-149.18,171.28,227.13,131.05,30.243,142.3,37
1211,2,-149.18,182.33,235.58,129.29,29.463,156.4,38
1239,2,-149.18,193.38,244.23,127.65,28.935,168.7,39
1218,3,-138.12,-193.38,237.64,-125.54,29.113,161.6,38
1186,3,-138.12,-182.33,228.74,-127.15,29.828,147.6,37
1144,3,-138.12,-171.28,220.03,-128.88,31.022,130.0,34
1102,3,-138.12,-160.23,211.54,-130.76,32.612,110.7,35
1042,3,-138.12,-149.18,203.30,-132.80,34.247,93.0,32
958,3,-138.12,-138.12,195.34,-135.00,23.521,187.5,31
892,3,-138.12,-127.08,187.69,-137.39,24.376,170.0,28
812,3,-138.12,-116.03,180.39,-139.97,22.898,179.0,29
762,3,-138.12,-104.98,173.49,-142.77,24.138,158.5,26
704,3,-138.12,-93.93,167.03,-145.78,24.149,152.0,25
648,3,-138.12,-82.88,161.08,-149.04,24.163,146.0,24
604,3,-138.12,-71.83,155.68,-152.53,24.462,138.0,23
572,3,-138.12,-60.78,150.90,-156.25,24.447,133.5,22
536,3,-138.12,-49.73,146.80,-160.20,23.458,138.0,23
520,3,-138.12,-38.68,143.44,-164.36,24.535,125.5,20
488,3,-138.12,-27.62,140.86,-168.69,24.031,127.0,21
480,3,-138.12,-16.58,139.12,-173.16,23.990,125.5,20
472,3,-138.12,-5.53,138.24,-177.71,23.681,127.0,21
473,2,-138.12,5.53,138.24,177.71,23.681,127.0,21
481,2,-138.12,16.58,139.12,173.16,23.990,125.5,20
489,2,-138.12,27.62,140.86,168.69,24.031,127.0,21
521,2,-138.12,38.68,143.44,164.36,24.535,125.5,20
537,2,-138.12,49.73,146.80,160.20,23.458,138.0,23
573,2,-138.12,60.78,150.90,156.25,24.447,133.5,22
605,2,-138.12,71.83,155.68,152.53,24.462,138.0,23
649,2,-138.12,82.88,161.08,149.04,24.163,146.0,24
705,2,-138.12,93.93,167.03,145.78,24.149,152.0,25
763,2,-138.12,104.98,173.49,142.77,24.138,158.5,26
813,2,-138.12,116.03,180.39,139.97,22.898,179.0,29
893,2,-138.12,127.08,187.69,137.39,24.376,170.0,28
959,2,-138.12,138.12,195.34,135.00,23.521,187.5,31
1043,2,-138.12,149.18,203.30,132.80,34.247,93.0,32
1103,2,-138.12,160.23,211.54,130.76,32.821,108.9,35
1145,2,-138.12,171.28,220.03,128.88,31.212,128.2,34
1187,2,-138.12,182.33,228.74,127.15,30.002,145.8,37
1219,2,-138.12,193.38,237.64,125.54,29.275,159.9,38
1194,3,-127.08,-193.38,231.39,-123.31,29.668,151.1,37
1158,3,-127.08,-182.33,222.24,-124.88,30.615,135.3,34
1110,3,-127.08,-171.28,213.27,-126.57,32.315,114.2,35
1050,3,-127.08,-160.23,204.50,-128.42,34.253,93.5,32
980,3,-127.08,-149.18,195.96,-130.43,23.575,187.5,31
894,3,-127.08,-138.12,187.69,-132.61,24.376,170.0,28
808,3,-127.08,-127.08,179.71,-135.00,22.835,179.0,29
746,3,-127.08,-116.03,172.08,-137.60,24.002,158.5,26
682,3,-127.08,-104.98,164.83,-140.44,23.929,152.0,25
628,3,-127.08,-93.93,158.02,-143.53,23.845,146.0,24
580,3,-127.08,-82.88,151.71,-146.89,24.036,138.0,23
528,3,-127.08,-71.83,145.97,-150.52,23.900,133.5,22
490,3,-127.08,-60.78,140.86,-154.44,24.072,127.0,21
456,3,-127.08,-49.73,136.46,-158.63,23.714,125.5,20
436,3,-127.08,-38.68,132.83,-163.07,24.408,116.5,19
420,3,-127.08,-27.62,130.04,-167.74,24.103,116.0,18
412,3,-127.08,-16.58,128.15,-172.57,23.771,116.5,19
396,3,-127.08,-5.53,127.20,-177.51,23.690,116.0,18
397,2,-127.08,5.53,127.20,177.51,23.690,116.0,18
413,2,-127.08,16.58,128.15,172.57,23.771,116.5,19
421,2,-127.08,27.62,130.04,167.74,24.103,116.0,18
437,2,-127.08,38.68,132.83,163.07,24.408,116.5,19
457,2,-127.08,49.73,136.46,158.63,23.714,125.5,20
491,2,-127.08,60.78,140.86,154.44,24.072,127.0,21
529,2,-127.08,71.83,145.97,150.52,23.900,133.5,22
581,2,-127.08,82.88,151.71,146.89,24.036,138.0,23
629,2,-127.08,93.93,158.02,143.53,23.845,146.0,24
683,2,-127.08,104.98,164.83,140.44,23.929,152.0,25
747,2,-127.08,116.03,172.08,137.60,24.002,158.5,26
809,2,-127.08,127.08,179.71,135.00,22.835,179.0,29
895,2,-127.08,138.12,187.69,132.61,24.376,170.0,28
981,2,-127.08,149.18,195.96,130.43,23.575,187.5,31
1051,2,-127.08,160.23,204.50,128.42,34.253,93.5,32
1111,2,-127.08,171.28,213.27,126.57,32.520,112.4,35
1159,2,-127.08,182.33,222.24,124.88,30.800,133.5,34
1195,2,-127.08,193.38,231.39,123.31,29.838,149.3,37
1166,3,-116.03,-193.38,225.51,-120.96,30.476,138.8,36
1126,3,-116.03,-182.33,216.11,-122.47,31.704,121.2,35
1074,3,-116.03,-171.28,206.87,-124.11,33.788,98.4,32
1002,3,-116.03,-160.23,197.82,-125.91,23.733,187.5,31
904,3,-116.03,-149.18,188.98,-127.87,24.491,170.0,28
814,3,-116.03,-138.12,180.39,-130.03,22.898,179.0,29
748,3,-116.03,-127.08,172.08,-132.40,24.002,158.5,26
676,3,-116.03,-116.03,164.08,-135.00,23.854,152.0,25
612,3,-116.03,-104.98,156.47,-137.86,23.682,146.0,24
550,3,-116.03,-93.93,149.28,-141.01,23.770,138.0,23
512,3,-116.03,-82.88,142.58,-144.46,24.479,125.5,20
458,3,-116.03,-71.83,136.46,-148.24,23.550,127.0,21
428,3,-116.03,-60.78,130.98,-152.35,24.269,116.0,18
388,3,-116.03,-49.73,126.23,-156.80,23.571,116.5,19
372,3,-116.03,-38.68,122.30,-161.57,24.648,105.0,16
356,3,-116.03,-27.62,119.27,-166.61,23.912,107.0,17
340,3,-116.03,-16.58,117.20,-171.87,23.890,105.0,16
320,3,-116.03,-5.53,116.16,-177.27,23.420,107.0,17
321,2,-116.03,5.53,116.16,177.27,23.420,107.0,17
341,2,-116.03,16.58,117.20,171.87,23.890,105.0,16
357,2,-116.03,27.62,119.27,166.61,23.912,107.0,17
373,2,-116.03,38.68,122.30,161.57,24.648,105.0,16
389,2,-116.03,49.73,126.23,156.80,23.571,116.5,19
429,2,-116.03,60.78,130.98,152.35,24.269,116.0,18
459,2,-116.03,71.83,136.46,148.24,23.550,127.0,21
513,2,-116.03,82.88,142.58,144.46,24.479,125.5,20
551,2,-116.03,93.93,149.28,141.01,23.770,138.0,23
613,2,-116.03,104.98,156.47,137.86,23.682,146.0,24
677,2,-116.03,116.03,164.08,135.00,23.854,152.0,25
749,2,-116.03,127.08,172.08,132.40,24.002,158.5,26
815,2,-116.03,138.12,180.39,130.03,22.898,179.0,29
905,2,-116.03,149.18,188.98,127.87,24.491,170.0,28
1003,2,-116.03,160.23,197.82,125.91,23.733,187.5,31
1075,2,-116.03,171.28,206.87,124.11,34.010,96.6,32
1127,2,-116.03,182.33,216.11,122.47,31.902,119.5,35
1167,2,-116.03,193.38,225.51,120.96,30.657,137.0,36
1146,3,-104.98,-193.38,220.03,-118.50,30.820,131.8,35
1090,3,-104.98,-182.33,210.39,-119.93,33.149,105.4,32
1026,3,-104.98,-171.28,200.89,-121.50,34.214,91.9,33
926,3,-104.98,-160.23,191.55,-123.23,23.101,188.5,30
840,3,-104.98,-149.18,182.41,-125.13,23.083,179.0,29
764,3,-104.98,-138.12,173.49,-127.23,24.138,158.5,26
684,3,-104.98,-127.08,164.83,-129.56,23.929,152.0,25
614,3,-104.98,-116.03,156.47,-132.14,23.682,146.0,24
544,3,-104.98,-104.98,148.46,-135.00,23.679,138.0,23
492,3,-104.98,-93.93,140.86,-138.18,24.279,125.5,20
448,3,-104.98,-82.88,133.75,-141.71,24.569,116.5,19
398,3,-104.98,-71.83,127.20,-145.62,23.788,116.0,18
364,3,-104.98,-60.78,121.30,-149.93,24.247,107.0,17
322,3,-104.98,-49.73,116.16,-154.65,23.802,105.0,16
304,3,-104.98,-38.68,111.87,-159.78,22.858,107.0,17
288,3,-104.98,-27.62,108.55,-165.26,24.440,93.5,14
272,3,-104.98,-16.58,106.28,-171.03,23.084,99.5,15
264,3,-104.98,-5.53,105.12,-176.99,23.838,93.5,14
265,2,-104.98,5.53,105.12,176.99,23.838,93.5,14
273,2,-104.98,16.58,106.28,171.03,23.084,99.5,15
289,2,-104.98,27.62,108.55,165.26,24.440,93.5,14
305,2,-104.98,38.68,111.87,159.78,22.858,107.0,17
323,2,-104.98,49.73,116.16,154.65,23.802,105.0,16
365,2,-104.98,60.78,121.30,149.93,24.247,107.0,17
399,2,-104.98,71.83,127.20,145.62,23.788,116.0,18
449,2,-104.98,82.88,133.75,141.71,24.569,116.5,19
493,2,-104.98,93.93,140.86,138.18,24.279,125.5,20
545,2,-104.98,104.98,148.46,135.00,23.679,138.0,23
615,2,-104.98,116.03,156.47,132.14,23.682,146.0,24
685,2,-104.98,127.08,164.83,129.56,23.929,152.0,25
765,2,-104.98,138.12,173.49,127.23,24.138,158.5,26
841,2,-104.98,149.18,182.41,125.13,23.083,179.0,29
927,2,-104.98,160.23,191.55,123.23,23.101,188.5,30
1027,2,-104.98,171.28,200.89,121.50,34.214,91.9,33
1091,2,-104.98,182.33,210.39,119.93,33.362,103.6,32
1147,2,-104.98,193.38,220.03,118.50,31.388,126.5,35
1118,3,-93.93,-193.38,214.98,-115.91,32.009,117.7,34
1058,3,-93.93,-182.33,205.10,-117.26,34.236,93.8,33
970,3,-93.93,-171.28,195.34,-118.74,23.428,188.5,30
872,3,-93.93,-160.23,185.73,-120.38,23.383,179.0,29
794,3,-93.93,-149.18,176.28,-122.20,24.403,158.5,26
706,3,-93.93,-138.12,167.03,-124.22,24.149,152.0,25
630,3,-93.93,-127.08,158.02,-126.47,23.845,146.0,24
552,3,-93.93,-116.03,149.28,-128.99,23.770,138.0,23
494,3,-93.93,-104.98,140.86,-131.82,24.279,125.5,20
438,3,-93.93,-93.93,132.83,-135.00,24.457,116.5,19
380,3,-93.93,-82.88,125.26,-138.58,23.536,116.0,18
348,3,-93.93,-71.83,118.24,-142.59,23.828,107.0,17
306,3,-93.93,-60.78,111.87,-147.09,23.184,105.0,16
274,3,-93.93,-49.73,106.28,-152.10,23.151,99.5,15
244,3,-93.93,-38.68,101.58,-157.62,23.347,93.5,14
236,3,-93.93,-27.62,97.90,-163.61,24.384,84.0,13
220,3,-93.93,-16.58,95.38,-169.99,24.001,83.5,12
204,3,-93.93,-5.53,94.09,-176.63,23.636,84.0,13
205,2,-93.93,5.53,94.09,176.63,23.636,84.0,13
221,2,-93.93,16.58,95.38,169.99,24.001,83.5,12
237,2,-93.93,27.62,97.90,163.61,24.384,84.0,13
245,2,-93.93,38.68,101.58,157.62,23.347,93.5,14
275,2,-93.93,49.73,106.28,152.10,23.151,99.5,15
307,2,-93.93,60.78,111.87,147.09,23.184,105.0,16
349,2,-93.93,71.83,118.24,142.59,23.828,107.0,17
381,2,-93.93,82.88,125.26,138.58,23.536,116.0,18
439,2,-93.93,93.93,132.83,135.00,24.457,116.5,19
495,2,-93.93,104.98,140.86,131.82,24.279,125.5,20
553,2,-93.93,116.03,149.28,128.99,23.770,138.0,23
631,2,-93.93,127.08,158.02,126.47,23.845,146.0,24
707,2,-93.93,138.12,167.03,124.22,24.149,152.0,25
795,2,-93.93,149.18,176.28,122.20,24.403,158.5,26
873,2,-93.93,160.23,185.73,120.38,23.383,179.0,29
971,2,-93.93,171.28,195.34,118.74,23.428,188.5,30
1059,2,-93.93,182.33,205.10,117.26,34.236,93.8,33
1119,2,-93.93,193.38,214.98,115.91,32.210,115.9,34
1082,3,-82.88,-193.38,210.39,-113.20,33.559,101.9,33
1018,3,-82.88,-182.33,200.28,-114.44,34.190,91.6,32
918,3,-82.88,-171.28,190.27,-115.82,23.062,187.5,31
822,3,-82.88,-160.23,180.39,-117.35,23.692,170.0,28
722,3,-82.88,-149.18,170.65,-119.05,23.223,165.0,27
650,3,-82.88,-138.12,161.08,-120.96,24.163,146.0,24
582,3,-82.88,-127.08,151.71,-123.11,24.036,138.0,23
514,3,-82.88,-116.03,142.58,-125.54,24.479,125.5,20
450,3,-82.88,-104.98,133.75,-128.29,24.569,116.5,19
382,3,-82.88,-93.93,125.26,-131.42,23.536,116.0,18
336,3,-82.88,-82.88,117.20,-135.00,23.683,107.0,17
296,3,-82.88,-71.83,109.67,-139.09,24.681,93.5,14
256,3,-82.88,-60.78,102.77,-143.75,22.597,99.5,15
228,3,-82.88,-49.73,96.65,-149.04,24.312,83.5,12
196,3,-82.88,-38.68,91.46,-154.98,23.259,84.0,13
180,3,-82.88,-27.62,87.36,-161.57,22.639,83.0,10
168,3,-82.88,-16.58,84.52,-168.69,22.039,83.0,11
160,3,-82.88,-5.53,83.06,-176.19,21.700,83.0,10
161,2,-82.88,5.53,83.06,176.19,21.700,83.0,10
169,2,-82.88,16.58,84.52,168.69,22.039,83.0,11
181,2,-82.88,27.62,87.36,161.57,22.639,83.0,10
197,2,-82.88,38.68,91.46,154.98,23.259,84.0,13
229,2,-82.88,49.73,96.65,149.04,24.312,83.5,12
257,2,-82.88,60.78,102.77,143.75,22.597,99.5,15
297,2,-82.88,71.83,109.67,139.09,24.681,93.5,14
337,2,-82.88,82.88,117.20,135.00,23.683,107.0,17
383,2,-82.88,93.93,125.26,131.42,23.536,116.0,18
451,2,-82.88,104.98,133.75,128.29,24.569,116.5,19
515,2,-82.88,116.03,142.58,125.54,24.479,125.5,20
583,2,-82.88,127.08,151.71,123.11,24.036,138.0,23
651,2,-82.88,138.12,161.08,120.96,24.163,146.0,24
723,2,-82.88,149.18,170.65,119.05,23.223,165.0,27
823,2,-82.88,160.23,180.39,117.35,23.692,170.0,28
919,2,-82.88,171.28,190.27,115.82,23.062,187.5,31
1019,2,-82.88,182.33,200.28,114.44,34.190,91.6,32
1083,2,-82.88,193.38,210.39,113.20,33.775,100.1,33
1066,3,-71.83,-193.38,206.28,-110.38,34.156,94.8,32
982,3,-71.83,-182.33,195.96,-111.50,23.555,187.5,31
874,3,-71.83,-171.28,185.73,-112.75,24.178,170.0,28
780,3,-71.83,-160.23,175.59,-114.15,23.697,165.0,27
698,3,-71.83,-149.18,165.57,-115.71,24.616,146.0,24
606,3,-71.83,-138.12,155.68,-117.47,24.462,138.0,23
530,3,-71.83,-127.08,145.97,-119.48,23.900,133.5,22
460,3,-71.83,-116.03,136.46,-121.76,23.550,127.0,21
400,3,-71.83,-104.98,127.20,-124.38,23.788,116.0,18
350,3,-71.83,-93.93,118.24,-127.41,23.828,107.0,17
298,3,-71.83,-82.88,109.67,-130.91,24.681,93.5,14
246,3,-71.83,-71.83,101.58,-135.00,22.404,99.5,15
206,3,-71.83,-60.78,94.09,-139.76,23.870,83.5,12
188,3,-71.83,-49.73,87.36,-145.30,22.687,83.0,11
152,3,-71.83,-38.68,81.58,-151.70,21.497,83.0,10
136,3,-71.83,-27.62,76.95,-158.96,22.941,71.0,9
128,3,-71.83,-16.58,73.71,-167.01,22.150,71.0,8
112,3,-71.83,-5.53,72.04,-175.60,21.696,71.0,9
113,2,-71.83,5.53,72.04,175.60,21.696,71.0,9
129,2,-71.83,16.58,73.71,167.01,22.150,71.0,8
137,2,-71.83,27.62,76.95,158.96,22.941,71.0,9
153,2,-71.83,38.68,81.58,151.70,21.497,83.0,10
189,2,-71.83,49.73,87.36,145.30,22.687,83.0,11
207,2,-71.83,60.78,94.09,139.76,23.870,83.5,12
247,2,-71.83,71.83,101.58,135.00,22.404,99.5,15
299,2,-71.83,82.88,109.67,130.91,24.681,93.5,14
351,2,-71.83,93.93,118.24,127.41,23.828,107.0,17
401,2,-71.83,104.98,127.20,124.38,23.788,116.0,18
461,2,-71.83,116.03,136.46,121.76,23.550,127.0,21
531,2,-71.83,127.08,145.97,119.48,23.900,133.5,22
607,2,-71.83,138.12,155.68,117.47,24.462,138.0,23
699,2,-71.83,149.18,165.57,115.71,24.616,146.0,24
781,2,-71.83,160.23,175.59,114.15,23.697,165.0,27
875,2,-71.83,171.28,185.73,112.75,24.178,170.0,28
983,2,-71.83,182.33,195.96,111.50,23.555,187.5,31
1067,2,-71.83,193.38,206.28,110.38,34.222,94.3,32
1034,3,-60.78,-193.38,202.70,-107.45,34.182,92.7,33
934,3,-60.78,-182.33,192.19,-108.43,23.137,188.5,30
830,3,-60.78,-171.28,181.74,-109.54,23.000,179.0,29
732,3,-60.78,-160.23,171.36,-110.77,23.906,158.5,26
652,3,-60.78,-149.18,161.08,-112.17,23.519,152.0,25
574,3,-60.78,-138.12,150.90,-113.75,24.447,133.5,22
496,3,-60.78,-127.08,140.86,-115.56,24.072,127.0,21
430,3,-60.78,-116.03,130.98,-117.65,24.269,116.0,18
366,3,-60.78,-104.98,121.30,-120.07,24.247,107.0,17
308,3,-60.78,-93.93,111.87,-122.91,23.184,105.0,16
258,3,-60.78,-82.88,102.77,-126.25,22.597,99.5,15
208,3,-60.78,-71.83,94.09,-130.24,23.870,83.5,12
176,3,-60.78,-60.78,85.95,-135.00,22.417,83.0,11
144,3,-60.78,-49.73,78.53,-140.71,23.346,71.0,8
120,3,-60.78,-38.68,72.04,-147.53,21.828,71.0,9
100,3,-60.78,-27.62,66.76,-155.56,20.474,71.0,6
92,3,-60.78,-16.58,62.99,-164.74,19.427,71.0,7
76,3,-60.78,-5.53,61.03,-174.81,18.827,71.0,6
77,2,-60.78,5.53,61.03,174.81,18.827,71.0,6
93,2,-60.78,16.58,62.99,164.74,19.427,71.0,7
101,2,-60.78,27.62,66.76,155.56,20.474,71.0,6
121,2,-60.78,38.68,72.04,147.53,21.828,71.0,9
145,2,-60.78,49.73,78.53,140.71,23.346,71.0,8
177,2,-60.78,60.78,85.95,135.00,22.417,83.0,11
209,2,-60.78,71.83,94.09,130.24,23.870,83.5,12
259,2,-60.78,82.88,102.77,126.25,22.597,99.5,15
309,2,-60.78,93.93,111.87,122.91,23.184,105.0,16
367,2,-60.78,104.98,121.30,120.07,24.247,107.0,17
431,2,-60.78,116.03,130.98,117.65,24.269,116.0,18
497,2,-60.78,127.08,140.86,115.56,24.072,127.0,21
575,2,-60.78,138.12,150.90,113.75,24.447,133.5,22
653,2,-60.78,149.18,161.08,112.17,23.519,152.0,25
733,2,-60.78,160.23,171.36,110.77,23.906,158.5,26
831,2,-60.78,171.28,181.74,109.54,23.000,179.0,29
935,2,-60.78,182.33,192.19,108.43,23.137,188.5,30
1035,2,-60.78,193.38,202.70,107.45,34.182,92.7,33
1010,3,-49.73,-193.38,199.67,-104.42,23.776,188.5,30
906,3,-49.73,-182.33,188.98,-105.26,23.652,179.0,29
802,3,-49.73,-171.28,178.35,-106.19,23.479,170.0,28
714,3,-49.73,-160.23,167.76,-107.24,22.915,165.0,27
622,3,-49.73,-149.18,157.24,-108.43,23.733,146.0,24
538,3,-49.73,-138.12,146.80,-109.80,23.458,138.0,23
462,3,-49.73,-127.08,136.46,-111.37,23.714,125.5,20
390,3,-49.73,-116.03,126.23,-113.20,23.571,116.5,19
324,3,-49.73,-104.98,116.16,-115.35,23.802,105.0,16
276,3,-49.73,-93.93,106.28,-117.90,23.151,99.5,15
230,3,-49.73,-82.88,96.65,-120.96,24.312,83.5,12
190,3,-49.73,-71.83,87.36,-124.70,22.687,83.0,11
146,3,-49.73,-60.78,78.53,-129.29,23.346,71.0,8
108,3,-49.73,-49.73,70.32,-135.00,21.421,71.0,9
84,3,-49.73,-38.68,62.99,-142.13,19.493,71.0,6
68,3,-49.73,-27.62,56.88,-150.95,17.719,71.0,7
56,3,-49.73,-16.58,52.41,-161.57,16.312,71.0,4
48,3,-49.73,-5.53,50.03,-173.66,15.503,71.0,5
49,2,-49.73,5.53,50.03,173.66,15.503,71.0,5
57,2,-49.73,16.58,52.41,161.57,16.312,71.0,4
69,2,-49.73,27.62,56.88,150.95,17.719,71.0,7
85,2,-49.73,38.68,62.99,142.13,19.493,71.0,6
109,2,-49.73,49.73,70.32,135.00,21.421,71.0,9
147,2,-49.73,60.78,78.53,129.29,23.346,71.0,8
191,2,-49.73,71.83,87.36,124.70,22.687,83.0,11
231,2,-49.73,82.88,96.65,120.96,24.312,83.5,12
277,2,-49.73,93.93,106.28,117.90,23.151,99.5,15
325,2,-49.73,104.98,116.16,115.35,23.802,105.0,16
391,2,-49.73,116.03,126.23,113.20,23.571,116.5,19
463,2,-49.73,127.08,136.46,111.37,23.714,125.5,20
539,2,-49.73,138.12,146.80,109.80,23.458,138.0,23
623,2,-49.73,149.18,157.24,108.43,23.733,146.0,24
715,2,-49.73,160.23,167.76,107.24,22.915,165.0,27
803,2,-49.73,171.28,178.35,106.19,23.479,170.0,28
907,2,-49.73,182.33,188.98,105.26,23.652,179.0,29
1011,2,-49.73,193.38,199.67,104.42,23.776,188.5,30
994,3,-38.68,-193.38,197.20,-101.31,23.641,187.5,31
886,3,-38.68,-182.33,186.38,-101.98,24.213,170.0,28
782,3,-38.68,-171.28,175.59,-102.72,23.672,165.0,27
686,3,-38.68,-160.23,164.83,-103.57,24.512,146.0,24
598,3,-38.68,-149.18,154.11,-104.53,24.260,138.0,23
522,3,-38.68,-138.12,143.44,-105.64,24.535,125.5,20
440,3,-38.68,-127.08,132.83,-106.93,24.408,116.5,19
374,3,-38.68,-116.03,122.30,-108.43,24.648,105.0,16
310,3,-38.68,-104.98,111.87,-110.22,22.858,107.0,17
248,3,-38.68,-93.93,101.58,-112.38,23.347,93.5,14
198,3,-38.68,-82.88,91.46,-115.02,23.259,84.0,13
154,3,-38.68,-71.83,81.58,-118.30,21.497,83.0,10
122,3,-38.68,-60.78,72.04,-122.47,21.828,71.0,9
86,3,-38.68,-49.73,62.99,-127.87,19.493,71.0,6
64,3,-38.68,-38.68,54.69,-135.00,17.071,71.0,5
40,3,-38.68,-27.62,47.53,-144.46,14.750,71.0,4
32,3,-38.68,-16.58,42.08,-156.80,12.839,71.0,3
20,3,-38.68,-5.53,39.07,-171.87,11.717,71.0,2
21,2,-38.68,5.53,39.07,171.87,11.717,71.0,2
33,2,-38.68,16.58,42.08,156.80,12.839,71.0,3
41,2,-38.68,27.62,47.53,144.46,14.750,71.0,4
65,2,-38.68,38.68,54.69,135.00,17.071,71.0,5
87,2,-38.68,49.73,62.99,127.87,19.493,71.0,6
123,2,-38.68,60.78,72.04,122.47,21.828,71.0,9
155,2,-38.68,71.83,81.58,118.30,21.497,83.0,10
199,2,-38.68,82.88,91.46,115.02,23.259,84.0,13
249,2,-38.68,93.93,101.58,112.38,23.347,93.5,14
311,2,-38.68,104.98,111.87,110.22,22.858,107.0,17
375,2,-38.68,116.03,122.30,108.43,24.648,105.0,16
441,2,-38.68,127.08,132.83,106.93,24.408,116.5,19
523,2,-38.68,138.12,143.44,105.64,24.535,125.5,20
599,2,-38.68,149.18,154.11,104.53,24.260,138.0,23
687,2,-38.68,160.23,164.83,103.57,24.512,146.0,24
783,2,-38.68,171.28,175.59,102.72,23.672,165.0,27
887,2,-38.68,182.33,186.38,101.98,24.213,170.0,28
995,2,-38.68,193.38,197.20,101.31,23.641,187.5,31
960,3,-27.62,-193.38,195.34,-98.13,23.389,188.5,30
862,3,-27.62,-182.33,184.41,-98.62,23.221,179.0,29
766,3,-27.62,-171.28,173.49,-99.16,24.084,158.5,26
670,3,-27.62,-160.23,162.59,-99.78,23.644,152.0,25
590,3,-27.62,-149.18,151.71,-100.49,24.498,133.5,22
498,3,-27.62,-138.12,140.86,-101.31,24.031,127.0,21
422,3,-27.62,-127.08,130.04,-102.26,24.103,116.0,18
358,3,-27.62,-116.03,119.27,-103.39,23.912,107.0,17
290,3,-27.62,-104.98,108.55,-104.74,24.440,93.5,14
238,3,-27.62,-93.93,97.90,-106.39,24.384,84.0,13
182,3,-27.62,-82.88,87.36,-108.43,22.639,83.0,10
138,3,-27.62,-71.83,76.95,-111.04,22.941,71.0,9
102,3,-27.62,-60.78,66.76,-114.44,20.474,71.0,6
70,3,-27.62,-49.73,56.88,-119.05,17.719,71.0,7
42,3,-27.62,-38.68,47.53,-125.54,14.750,71.0,4
22,3,-27.62,-27.62,39.07,-135.00,11.764,71.0,3
12,3,-27.62,-16.58,32.22,-149.04,9.152,71.0,0
4,3,-27.62,-5.53,28.17,-168.69,7.533,71.0,1
5,2,-27.62,5.53,28.17,168.69,7.533,71.0,1
13,2,-27.62,16.58,32.22,149.04,9.152,71.0,0
23,2,-27.62,27.62,39.07,135.00,11.764,71.0,3
43,2,-27.62,38.68,47.53,125.54,14.750,71.0,4
71,2,-27.62,49.73,56.88,119.05,17.719,71.0,7
103,2,-27.62,60.78,66.76,114.44,20.474,71.0,6
139,2,-27.62,71.83,76.95,111.04,22.941,71.0,9
183,2,-27.62,82.88,87.36,108.43,22.639,83.0,10
239,2,-27.62,93.93,97.90,106.39,24.384,84.0,13
291,2,-27.62,104.98,108.55,104.74,24.440,93.5,14
359,2,-27.62,116.03,119.27,103.39,23.912,107.0,17
423,2,-27.62,127.08,130.04,102.26,24.103,116.0,18
499,2,-27.62,138.12,140.86,101.31,24.031,127.0,21
591,2,-27.62,149.18,151.71,100.49,24.498,133.5,22
671,2,-27.62,160.23,162.59,99.78,23.644,152.0,25
767,2,-27.62,171.28,173.49,99.16,24.084,158.5,26
863,2,-27.62,182.33,184.41,98.62,23.221,179.0,29
961,2,-27.62,193.38,195.34,98.13,23.389,188.5,30
950,3,-16.58,-193.38,194.08,-94.90,23.355,187.5,31
854,3,-16.58,-182.33,183.08,-95.19,23.892,170.0,28
750,3,-16.58,-171.28,172.08,-95.53,23.311,165.0,27
654,3,-16.58,-160.23,161.08,-95.91,24.100,146.0,24
566,3,-16.58,-149.18,150.09,-96.34,23.789,138.0,23
482,3,-16.58,-138.12,139.12,-96.84,23.990,125.5,20
414,3,-16.58,-127.08,128.15,-97.43,23.771,116.5,19
342,3,-16.58,-116.03,117.20,-98.13,23.890,105.0,16
278,3,-16.58,-104.98,106.28,-98.97,23.084,99.5,15
222,3,-16.58,-93.93,95.38,-100.01,24.001,83.5,12
170,3,-16.58,-82.88,84.52,-101.31,22.039,83.0,11
130,3,-16.58,-71.83,73.71,-102.99,22.150,71.0,8
94,3,-16.58,-60.78,62.99,-105.26,19.427,71.0,7
58,3,-16.58,-49.73,52.41,-108.43,16.312,71.0,4
34,3,-16.58,-38.68,42.08,-113.20,12.839,71.0,3
14,3,-16.58,-27.62,32.22,-120.96,9.152,71.0,0
0,3,-16.58,-16.58,23.44,-135.00,5.624,71.0,1
1,2,-16.58,16.58,23.44,135.00,5.624,71.0,1
15,2,-16.58,27.62,32.22,120.96,9.152,71.0,0
35,2,-16.58,38.68,42.08,113.20,12.839,71.0,3
59,2,-16.58,49.73,52.41,108.43,16.312,71.0,4
95,2,-16.58,60.78,62.99,105.26,19.427,71.0,7
131,2,-16.58,71.83,73.71,102.99,22.150,71.0,8
171,2,-16.58,82.88,84.52,101.31,22.039,83.0,11
223,2,-16.58,93.93,95.38,100.01,24.001,83.5,12
279,2,-16.58,104.98,106.28,98.97,23.084,99.5,15
343,2,-16.58,116.03,117.20,98.13,23.890,105.0,16
415,2,-16.58,127.08,128.15,97.43,23.771,116.5,19
483,2,-16.58,138.12,139.12,96.84,23.990,125.5,20
567,2,-16.58,149.18,150.09,96.34,23.789,138.0,23
655,2,-16.58,160.23,161.08,95.91,24.100,146.0,24
751,2,-16.58,171.28,172.08,95.53,23.311,165.0,27
855,2,-16.58,182.33,183.08,95.19,23.892,170.0,28
951,2,-16.58,193.38,194.08,94.90,23.355,187.5,31
942,3,-5.53,-193.38,193.45,-91.64,23.208,188.5,30
842,3,-5.53,-182.33,182.41,-91.74,23.018,179.0,29
734,3,-5.53,-171.28,171.36,-91.85,23.853,158.5,26
638,3,-5.53,-160.23,160.32,-91.97,23.382,152.0,25
554,3,-5.53,-149.18,149.28,-92.12,24.195,133.5,22
474,3,-5.53,-138.12,138.24,-92.29,23.681,127.0,21
402,3,-5.53,-127.08,127.20,-92.49,23.690,116.0,18
326,3,-5.53,-116.03,116.16,-92.73,23.420,107.0,17
266,3,-5.53,-104.98,105.12,-93.01,23.838,93.5,14
210,3,-5.53,-93.93,94.09,-93.37,23.636,84.0,13
162,3,-5.53,-82.88,83.06,-93.81,21.700,83.0,10
114,3,-5.53,-71.83,72.04,-94.40,21.696,71.0,9
78,3,-5.53,-60.78,61.03,-95.19,18.827,71.0,6
50,3,-5.53,-49.73,50.03,-96.34,15.503,71.0,5
24,3,-5.53,-38.68,39.07,-98.13,11.717,71.0,2
6,3,-5.53,-27.62,28.17,-101.31,7.533,71.0,1
7,2,-5.53,27.62,28.17,101.31,7.533,71.0,1
25,2,-5.53,38.68,39.07,98.13,11.717,71.0,2
51,2,-5.53,49.73,50.03,96.34,15.503,71.0,5
79,2,-5.53,60.78,61.03,95.19,18.827,71.0,6
115,2,-5.53,71.83,72.04,94.40,21.696,71.0,9
163,2,-5.53,82.88,83.06,93.81,21.700,83.0,10
211,2,-5.53,93.93,94.09,93.37,23.636,84.0,13
267,2,-5.53,104.98,105.12,93.01,23.838,93.5,14
327,2,-5.53,116.03,116.16,92.73,23.420,107.0,17
403,2,-5.53,127.08,127.20,92.49,23.690,116.0,18
475,2,-5.53,138.12,138.24,92.29,23.681,127.0,21
555,2,-5.53,149.18,149.28,92.12,24.195,133.5,22
639,2,-5.53,160.23,160.32,91.97,23.382,152.0,25
735,2,-5.53,171.28,171.36,91.85,23.853,158.5,26
843,2,-5.53,182.33,182.41,91.74,23.018,179.0,29
943,2,-5.53,193.38,193.45,91.64,23.208,188.5,30
944,4,5.53,-193.38,193.45,-88.36,23.208,188.5,30
844,4,5.53,-182.33,182.41,-88.26,23.018,179.0,29
736,4,5.53,-171.28,171.36,-88.15,23.853,158.5,26
640,4,5.53,-160.23,160.32,-88.03,23.382,152.0,25
556,4,5.53,-149.18,149.28,-87.88,24.195,133.5,22
476,4,5.53,-138.12,138.24,-87.71,23.681,127.0,21
404,4,5.53,-127.08,127.20,-87.51,23.690,116.0,18
328,4,5.53,-116.03,116.16,-87.27,23.420,107.0,17
268,4,5.53,-104.98,105.12,-86.99,23.838,93.5,14
212,4,5.53,-93.93,94.09,-86.63,23.636,84.0,13
164,4,5.53,-82.88,83.06,-86.19,21.700,83.0,10
116,4,5.53,-71.83,72.04,-85.60,21.696,71.0,9
80,4,5.53,-60.78,61.03,-84.81,18.827,71.0,6
52,4,5.53,-49.73,50.03,-83.66,15.503,71.0,5
26,4,5.53,-38.68,39.07,-81.87,11.717,71.0,2
8,4,5.53,-27.62,28.17,-78.69,7.533,71.0,1
9,1,5.53,27.62,28.17,78.69,7.533,71.0,1
27,1,5.53,38.68,39.07,81.87,11.717,71.0,2
53,1,5.53,49.73,50.03,83.66,15.503,71.0,5
81,1,5.53,60.78,61.03,84.81,18.827,71.0,6
117,1,5.53,71.83,72.04,85.60,21.696,71.0,9
165,1,5.53,82.88,83.06,86.19,21.700,83.0,10
213,1,5.53,93.93,94.09,86.63,23.636,84.0,13
269,1,5.53,104.98,105.12,86.99,23.838,93.5,14
329,1,5.53,116.03,116.16,87.27,23.420,107.0,17
405,1,5.53,127.08,127.20,87.51,23.690,116.0,18
477,1,5.53,138.12,138.24,87.71,23.681,127.0,21
557,1,5.53,149.18,149.28,87.88,24.195,133.5,22
641,1,5.53,160.23,160.32,88.03,23.382,152.0,25
737,1,5.53,171.28,171.36,88.15,23.853,158.5,26
845,1,5.53,182.33,182.41,88.26,23.018,179.0,29
945,1,5.53,193.38,193.45,88.36,23.208,188.5,30
952,4,16.58,-193.38,194.08,-85.10,23.355,187.5,31
856,4,16.58,-182.33,183.08,-84.81,23.892,170.0,28
752,4,16.58,-171.28,172.08,-84.47,23.311,165.0,27
656,4,16.58,-160.23,161.08,-84.09,24.100,146.0,24
568,4,16.58,-149.18,150.09,-83.66,23.789,138.0,23
484,4,16.58,-138.12,139.12,-83.16,23.990,125.5,20
416,4,16.58,-127.08,128.15,-82.57,23.771,116.5,19
344,4,16.58,-116.03,117.20,-81.87,23.890,105.0,16
280,4,16.58,-104.98,106.28,-81.03,23.084,99.5,15
224,4,16.58,-93.93,95.38,-79.99,24.001,83.5,12
172,4,16.58,-82.88,84.52,-78.69,22.039,83.0,11
132,4,16.58,-71.83,73.71,-77.01,22.150,71.0,8
96,4,16.58,-60.78,62.99,-74.74,19.427,71.0,7
60,4,16.58,-49.73,52.41,-71.57,16.312,71.0,4
36,4,16.58,-38.68,42.08,-66.80,12.839,71.0,3
16,4,16.58,-27.62,32.22,-59.04,9.152,71.0,0
2,4,16.58,-16.58,23.44,-45.00,5.624,71.0,1
3,1,16.58,16.58,23.44,45.00,5.624,71.0,1
17,1,16.58,27.62,32.22,59.04,9.152,71.0,0
37,1,16.58,38.68,42.08,66.80,12.839,71.0,3
61,1,16.58,49.73,52.41,71.57,16.312,71.0,4
97,1,16.58,60.78,62.99,74.74,19.427,71.0,7
133,1,16.58,71.83,73.71,77.01,22.150,71.0,8
173,1,16.58,82.88,84.52,78.69,22.039,83.0,11
225,1,16.58,93.93,95.38,79.99,24.001,83.5,12
281,1,16.58,104.98,106.28,81.03,23.084,99.5,15
345,1,16.58,116.03,117.20,81.87,23.890,105.0,16
417,1,16.58,127.08,128.15,82.57,23.771,116.5,19
485,1,16.58,138.12,139.12,83.16,23.990,125.5,20
569,1,16.58,149.18,150.09,83.66,23.789,138.0,23
657,1,16.58,160.23,161.08,84.09,24.100,146.0,24
753,1,16.58,171.28,172.08,84.47,23.311,165.0,27
857,1,16.58,182.33,183.08,84.81,23.892,170.0,28
953,1,16.58,193.38,194.08,85.10,23.355,187.5,31
962,4,27.62,-193.38,195.34,-81.87,23.389,188.5,30
864,4,27.62,-182.33,184.41,-81.38,23.221,179.0,29
768,4,27.62,-171.28,173.49,-80.84,24.084,158.5,26
672,4,27.62,-160.23,162.59,-80.22,23.644,152.0,25
592,4,27.62,-149.18,151.71,-79.51,24.498,133.5,22
500,4,27.62,-138.12,140.86,-78.69,24.031,127.0,21
424,4,27.62,-127.08,130.04,-77.74,24.103,116.0,18
360,4,27.62,-116.03,119.27,-76.61,23.912,107.0,17
292,4,27.62,-104.98,108.55,-75.26,24.440,93.5,14
240,4,27.62,-93.93,97.90,-73.61,24.384,84.0,13
184,4,27.62,-82.88,87.36,-71.57,22.639,83.0,10
140,4,27.62,-71.83,76.95,-68.96,22.941,71.0,9
104,4,27.62,-60.78,66.76,-65.56,20.474,71.0,6
72,4,27.62,-49.73,56.88,-60.95,17.719,71.0,7
44,4,27.62,-38.68,47.53,-54.46,14.750,71.0,4
28,4,27.62,-27.62,39.07,-45.00,11.764,71.0,3
18,4,27.62,-16.58,32.22,-30.96,9.152,71.0,0
10,4,27.62,-5.53,28.17,-11.31,7.533,71.0,1
11,1,27.62,5.53,28.17,11.31,7.533,71.0,1
19,1,27.62,16.58,32.22,30.96,9.152,71.0,0
29,1,27.62,27.62,39.07,45.00,11.764,71.0,3
45,1,27.62,38.68,47.53,54.46,14.750,71.0,4
73,1,27.62,49.73,56.88,60.95,17.719,71.0,7
105,1,27.62,60.78,66.76,65.56,20.474,71.0,6
141,1,27.62,71.83,76.95,68.96,22.941,71.0,9
185,1,27.62,82.88,87.36,71.57,22.639,83.0,10
241,1,27.62,93.93,97.90,73.61,24.384,84.0,13
293,1,27.62,104.98,108.55,75.26,24.440,93.5,14
361,1,27.62,116.03,119.27,76.61,23.912,107.0,17
425,1,27.62,127.08,130.04,77.74,24.103,116.0,18
501,1,27.62,138.12,140.86,78.69,24.031,127.0,21
593,1,27.62,149.18,151.71,79.51,24.498,133.5,22
673,1,27.62,160.23,162.59,80.22,23.644,152.0,25
769,1,27.62,171.28,173.49,80.84,24.084,158.5,26
865,1,27.62,182.33,184.41,81.38,23.221,179.0,29
963,1,27.62,193.38,195.34,81.87,23.389,188.5,30
996,4,38.68,-193.38,197.20,-78.69,23.641,187.5,31
888,4,38.68,-182.33,186.38,-78.02,24.213,170.0,28
784,4,38.68,-171.28,175.59,-77.28,23.672,165.0,27
688,4,38.68,-160.23,164.83,-76.43,24.512,146.0,24
600,4,38.68,-149.18,154.11,-75.47,24.260,138.0,23
524,4,38.68,-138.12,143.44,-74.36,24.535,125.5,20
442,4,38.68,-127.08,132.83,-73.07,24.408,116.5,19
376,4,38.68,-116.03,122.30,-71.57,24.648,105.0,16
312,4,38.68,-104.98,111.87,-69.78,22.858,107.0,17
250,4,38.68,-93.93,101.58,-67.62,23.347,93.5,14
200,4,38.68,-82.88,91.46,-64.98,23.259,84.0,13
156,4,38.68,-71.83,81.58,-61.70,21.497,83.0,10
124,4,38.68,-60.78,72.04,-57.53,21.828,71.0,9
88,4,38.68,-49.73,62.99,-52.13,19.493,71.0,6
66,4,38.68,-38.68,54.69,-45.00,17.071,71.0,5
46,4,38.68,-27.62,47.53,-35.54,14.750,71.0,4
38,4,38.68,-16.58,42.08,-23.20,12.839,71.0,3
30,4,38.68,-5.53,39.07,-8.13,11.717,71.0,2
31,1,38.68,5.53,39.07,8.13,11.717,71.0,2
39,1,38.68,16.58,42.08,23.20,12.839,71.0,3
47,1,38.68,27.62,47.53,35.54,14.750,71.0,4
67,1,38.68,38.68,54.69,45.00,17.071,71.0,5
89,1,38.68,49.73,62.99,52.13,19.493,71.0,6
125,1,38.68,60.78,72.04,57.53,21.828,71.0,9
157,1,38.68,71.83,81.58,61.70,21.497,83.0,10
201,1,38.68,82.88,91.46,64.98,23.259,84.0,13
251,1,38.68,93.93,101.58,67.62,23.347,93.5,14
313,1,38.68,104.98,111.87,69.78,22.858,107.0,17
377,1,38.68,116.03,122.30,71.57,24.648,105.0,16
443,1,38.68,127.08,132.83,73.07,24.408,116.5,19
525,1,38.68,138.12,143.44,74.36,24.535,125.5,20
601,1,38.68,149.18,154.11,75.47,24.260,138.0,23
689,1,38.68,160.23,164.83,76.43,24.512,146.0,24
785,1,38.68,171.28,175.59,77.28,23.672,165.0,27
889,1,38.68,182.33,186.38,78.02,24.213,170.0,28
997,1,38.68,193.38,197.20,78.69,23.641,187.5,31
1012,4,49.73,-193.38,199.67,-75.58,23.776,188.5,30
908,4,49.73,-182.33,188.98,-74.74,23.652,179.0,29
804,4,49.73,-171.28,178.35,-73.81,23.479,170.0,28
716,4,49.73,-160.23,167.76,-72.76,22.915,165.0,27
624,4,49.73,-149.18,157.24,-71.57,23.733,146.0,24
540,4,49.73,-138.12,146.80,-70.20,23.458,138.0,23
464,4,49.73,-127.08,136.46,-68.63,23.714,125.5,20
392,4,49.73,-116.03,126.23,-66.80,23.571,116.5,19
330,4,49.73,-104.98,116.16,-64.65,23.802,105.0,16
282,4,49.73,-93.93,106.28,-62.10,23.151,99.5,15
232,4,49.73,-82.88,96.65,-59.04,24.312,83.5,12
192,4,49.73,-71.83,87.36,-55.30,22.687,83.0,11
148,4,49.73,-60.78,78.53,-50.71,23.346,71.0,8
110,4,49.73,-49.73,70.32,-45.00,21.421,71.0,9
90,4,49.73,-38.68,62.99,-37.87,19.493,71.0,6
74,4,49.73,-27.62,56.88,-29.05,17.719,71.0,7
62,4,49.73,-16.58,52.41,-18.43,16.312,71.0,4
54,4,49.73,-5.53,50.03,-6.34,15.503,71.0,5
55,1,49.73,5.53,50.03,6.34,15.503,71.0,5
63,1,49.73,16.58,52.41,18.43,16.312,71.0,4
75,1,49.73,27.62,56.88,29.05,17.719,71.0,7
91,1,49.73,38.68,62.99,37.87,19.493,71.0,6
111,1,49.73,49.73,70.32,45.00,21.421,71.0,9
149,1,49.73,60.78,78.53,50.71,23.346,71.0,8
193,1,49.73,71.83,87.36,55.30,22.687,83.0,11
233,1,49.73,82.88,96.65,59.04,24.312,83.5,12
283,1,49.73,93.93,106.28,62.10,23.151,99.5,15
331,1,49.73,104.98,116.16,64.65,23.802,105.0,16
393,1,49.73,116.03,126.23,66.80,23.571,116.5,19
465,1,49.73,127.08,136.46,68.63,23.714,125.5,20
541,1,49.73,138.12,146.80,70.20,23.458,138.0,23
625,1,49.73,149.18,157.24,71.57,23.733,146.0,24
717,1,49.73,160.23,167.76,72.76,22.915,165.0,27
805,1,49.73,171.28,178.35,73.81,23.479,170.0,28
909,1,49.73,182.33,188.98,74.74,23.652,179.0,29
1013,1,49.73,193.38,199.67,75.58,23.776,188.5,30
1036,4,60.78,-193.38,202.70,-72.55,34.182,92.7,33
936,4,60.78,-182.33,192.19,-71.57,23.137,188.5,30
832,4,60.78,-171.28,181.74,-70.46,23.000,179.0,29
738,4,60.78,-160.23,171.36,-69.23,23.906,158.5,26
658,4,60.78,-149.18,161.08,-67.83,23.519,152.0,25
576,4,60.78,-138.12,150.90,-66.25,24.447,133.5,22
502,4,60.78,-127.08,140.86,-64.44,24.072,127.0,21
432,4,60.78,-116.03,130.98,-62.35,24.269,116.0,18
368,4,60.78,-104.98,121.30,-59.93,24.247,107.0,17
314,4,60.78,-93.93,111.87,-57.09,23.184,105.0,16
260,4,60.78,-82.88,102.77,-53.75,22.597,99.5,15
214,4,60.78,-71.83,94.09,-49.76,23.870,83.5,12
178,4,60.78,-60.78,85.95,-45.00,22.417,83.0,11
150,4,60.78,-49.73,78.53,-39.29,23.346,71.0,8
126,4,60.78,-38.68,72.04,-32.47,21.828,71.0,9
106,4,60.78,-27.62,66.76,-24.44,20.474,71.0,6
98,4,60.78,-16.58,62.99,-15.26,19.427,71.0,7
82,4,60.78,-5.53,61.03,-5.19,18.827,71.0,6
83,1,60.78,5.53,61.03,5.19,18.827,71.0,6
99,1,60.78,16.58,62.99,15.26,19.427,71.0,7
107,1,60.78,27.62,66.76,24.44,20.474,71.0,6
127,1,60.78,38.68,72.04,32.47,21.828,71.0,9
151,1,60.78,49.73,78.53,39.29,23.346,71.0,8
179,1,60.78,60.78,85.95,45.00,22.417,83.0,11
215,1,60.78,71.83,94.09,49.76,23.870,83.5,12
261,1,60.78,82.88,102.77,53.75,22.597,99.5,15
315,1,60.78,93.93,111.87,57.09,23.184,105.0,16
369,1,60.78,104.98,121.30,59.93,24.247,107.0,17
433,1,60.78,116.03,130.98,62.35,24.269,116.0,18
503,1,60.78,127.08,140.86,64.44,24.072,127.0,21
577,1,60.78,138.12,150.90,66.25,24.447,133.5,22
659,1,60.78,149.18,161.08,67.83,23.519,152.0,25
739,1,60.78,160.23,171.36,69.23,23.906,158.5,26
833,1,60.78,171.28,181.74,70.46,23.000,179.0,29
937,1,60.78,182.33,192.19,71.57,23.137,188.5,30
1037,1,60.78,193.38,202.70,72.55,34.182,92.7,33
1068,4,71.83,-193.38,206.28,-69.62,34.222,94.3,32
984,4,71.83,-182.33,195.96,-68.50,23.555,187.5,31
876,4,71.83,-171.28,185.73,-67.25,24.178,170.0,28
786,4,71.83,-160.23,175.59,-65.85,23.697,165.0,27
700,4,71.83,-149.18,165.57,-64.29,24.616,146.0,24
608,4,71.83,-138.12,155.68,-62.53,24.462,138.0,23
532,4,71.83,-127.08,145.97,-60.52,23.900,133.5,22
466,4,71.83,-116.03,136.46,-58.24,23.550,127.0,21
406,4,71.83,-104.98,127.20,-55.62,23.788,116.0,18
352,4,71.83,-93.93,118.24,-52.59,23.828,107.0,17
300,4,71.83,-82.88,109.67,-49.09,24.681,93.5,14
252,4,71.83,-71.83,101.58,-45.00,22.404,99.5,15
216,4,71.83,-60.78,94.09,-40.24,23.870,83.5,12
194,4,71.83,-49.73,87.36,-34.70,22.687,83.0,11
158,4,71.83,-38.68,81.58,-28.30,21.497,83.0,10
142,4,71.83,-27.62,76.95,-21.04,22.941,71.0,9
134,4,71.83,-16.58,73.71,-12.99,22.150,71.0,8
118,4,71.83,-5.53,72.04,-4.40,21.696,71.0,9
119,1,71.83,5.53,72.04,4.40,21.696,71.0,9
135,1,71.83,16.58,73.71,12.99,22.150,71.0,8
143,1,71.83,27.62,76.95,21.04,22.941,71.0,9
159,1,71.83,38.68,81.58,28.30,21.497,83.0,10
195,1,71.83,49.73,87.36,34.70,22.687,83.0,11
217,1,71.83,60.78,94.09,40.24,23.870,83.5,12
253,1,71.83,71.83,101.58,45.00,22.404,99.5,15
301,1,71.83,82.88,109.67,49.09,24.681,93.5,14
353,1,71.83,93.93,118.24,52.59,23.828,107.0,17
407,1,71.83,104.98,127.20,55.62,23.788,116.0,18
467,1,71.83,116.03,136.46,58.24,23.550,127.0,21
533,1,71.83,127.08,145.97,60.52,23.900,133.5,22
609,1,71.83,138.12,155.68,62.53,24.462,138.0,23
701,1,71.83,149.18,165.57,64.29,24.616,146.0,24
787,1,71.83,160.23,175.59,65.85,23.697,165.0,27
877,1,71.83,171.28,185.73,67.25,24.178,170.0,28
985,1,71.83,182.33,195.96,68.50,23.555,187.5,31
1069,1,71.83,193.38,206.28,69.62,34.156,94.8,32
1084,4,82.88,-193.38,210.39,-66.80,33.775,100.1,33
1020,4,82.88,-182.33,200.28,-65.56,34.190,91.6,32
920,4,82.88,-171.28,190.27,-64.18,23.062,187.5,31
824,4,82.88,-160.23,180.39,-62.65,23.692,170.0,28
724,4,82.88,-149.18,170.65,-60.95,23.223,165.0,27
660,4,82.88,-138.12,161.08,-59.04,24.163,146.0,24
584,4,82.88,-127.08,151.71,-56.89,24.036,138.0,23
516,4,82.88,-116.03,142.58,-54.46,24.479,125.5,20
452,4,82.88,-104.98,133.75,-51.71,24.569,116.5,19
384,4,82.88,-93.93,125.26,-48.58,23.536,116.0,18
338,4,82.88,-82.88,117.20,-45.00,23.683,107.0,17
302,4,82.88,-71.83,109.67,-40.91,24.681,93.5,14
262,4,82.88,-60.78,102.77,-36.25,22.597,99.5,15
234,4,82.88,-49.73,96.65,-30.96,24.312,83.5,12
202,4,82.88,-38.68,91.46,-25.02,23.259,84.0,13
186,4,82.88,-27.62,87.36,-18.43,22.639,83.0,10
174,4,82.88,-16.58,84.52,-11.31,22.039,83.0,11
166,4,82.88,-5.53,83.06,-3.81,21.700,83.0,10
167,1,82.88,5.53,83.06,3.81,21.700,83.0,10
175,1,82.88,16.58,84.52,11.31,22.039,83.0,11
187,1,82.88,27.62,87.36,18.43,22.639,83.0,10
203,1,82.88,38.68,91.46,25.02,23.259,84.0,13
235,1,82.88,49.73,96.65,30.96,24.312,83.5,12
263,1,82.88,60.78,102.77,36.25,22.597,99.5,15
303,1,82.88,71.83,109.67,40.91,24.681,93.5,14
339,1,82.88,82.88,117.20,45.00,23.683,107.0,17
385,1,82.88,93.93,125.26,48.58,23.536,116.0,18
453,1,82.88,104.98,133.75,51.71,24.569,116.5,19
517,1,82.88,116.03,142.58,54.46,24.479,125.5,20
585,1,82.88,127.08,151.71,56.89,24.036,138.0,23
661,1,82.88,138.12,161.08,59.04,24.163,146.0,24
725,1,82.88,149.18,170.65,60.95,23.223,165.0,27
825,1,82.88,160.23,180.39,62.65,23.692,170.0,28
921,1,82.88,171.28,190.27,64.18,23.062,187.5,31
1021,1,82.88,182.33,200.28,65.56,34.190,91.6,32
1085,1,82.88,193.38,210.39,66.80,33.559,101.9,33
1120,4,93.93,-193.38,214.98,-64.09,32.210,115.9,34
1060,4,93.93,-182.33,205.10,-62.74,34.236,93.8,33
972,4,93.93,-171.28,195.34,-61.26,23.428,188.5,30
878,4,93.93,-160.23,185.73,-59.62,23.383,179.0,29
796,4,93.93,-149.18,176.28,-57.80,24.403,158.5,26
708,4,93.93,-138.12,167.03,-55.78,24.149,152.0,25
632,4,93.93,-127.08,158.02,-53.53,23.845,146.0,24
558,4,93.93,-116.03,149.28,-51.01,23.770,138.0,23
504,4,93.93,-104.98,140.86,-48.18,24.279,125.5,20
444,4,93.93,-93.93,132.83,-45.00,24.457,116.5,19
386,4,93.93,-82.88,125.26,-41.42,23.536,116.0,18
354,4,93.93,-71.83,118.24,-37.41,23.828,107.0,17
316,4,93.93,-60.78,111.87,-32.91,23.184,105.0,16
284,4,93.93,-49.73,106.28,-27.90,23.151,99.5,15
254,4,93.93,-38.68,101.58,-22.38,23.347,93.5,14
242,4,93.93,-27.62,97.90,-16.39,24.384,84.0,13
226,4,93.93,-16.58,95.38,-10.01,24.001,83.5,12
218,4,93.93,-5.53,94.09,-3.37,23.636,84.0,13
219,1,93.93,5.53,94.09,3.37,23.636,84.0,13
227,1,93.93,16.58,95.38,10.01,24.001,83.5,12
243,1,93.93,27.62,97.90,16.39,24.384,84.0,13
255,1,93.93,38.68,101.58,22.38,23.347,93.5,14
285,1,93.93,49.73,106.28,27.90,23.151,99.5,15
317,1,93.93,60.78,111.87,32.91,23.184,105.0,16
355,1,93.93,71.83,118.24,37.41,23.828,107.0,17
387,1,93.93,82.88,125.26,41.42,23.536,116.0,18
445,1,93.93,93.93,132.83,45.00,24.457,116.5,19
505,1,93.93,104.98,140.86,48.18,24.279,125.5,20
559,1,93.93,116.03,149.28,51.01,23.770,138.0,23
633,1,93.93,127.08,158.02,53.53,23.845,146.0,24
709,1,93.93,138.12,167.03,55.78,24.149,152.0,25
797,1,93.93,149.18,176.28,57.80,24.403,158.5,26
879,1,93.93,160.23,185.73,59.62,23.383,179.0,29
973,1,93.93,171.28,195.34,61.26,23.428,188.5,30
1061,1,93.93,182.33,205.10,62.74,34.236,93.8,33
1121,1,93.93,193.38,214.98,64.09,32.009,117.7,34
1148,4,104.98,-193.38,220.03,-61.50,31.388,126.5,35
1092,4,104.98,-182.33,210.39,-60.07,33.362,103.6,32
1028,4,104.98,-171.28,200.89,-58.50,34.214,91.9,33
928,4,104.98,-160.23,191.55,-56.77,23.101,188.5,30
846,4,104.98,-149.18,182.41,-54.87,23.083,179.0,29
770,4,104.98,-138.12,173.49,-52.77,24.138,158.5,26
690,4,104.98,-127.08,164.83,-50.44,23.929,152.0,25
616,4,104.98,-116.03,156.47,-47.86,23.682,146.0,24
546,4,104.98,-104.98,148.46,-45.00,23.679,138.0,23
506,4,104.98,-93.93,140.86,-41.82,24.279,125.5,20
454,4,104.98,-82.88,133.75,-38.29,24.569,116.5,19
408,4,104.98,-71.83,127.20,-34.38,23.788,116.0,18
370,4,104.98,-60.78,121.30,-30.07,24.247,107.0,17
332,4,104.98,-49.73,116.16,-25.35,23.802,105.0,16
318,4,104.98,-38.68,111.87,-20.22,22.858,107.0,17
294,4,104.98,-27.62,108.55,-14.74,24.440,93.5,14
286,4,104.98,-16.58,106.28,-8.97,23.084,99.5,15
270,4,104.98,-5.53,105.12,-3.01,23.838,93.5,14
271,1,104.98,5.53,105.12,3.01,23.838,93.5,14
287,1,104.98,16.58,106.28,8.97,23.084,99.5,15
295,1,104.98,27.62,108.55,14.74,24.440,93.5,14
319,1,104.98,38.68,111.87,20.22,22.858,107.0,17
333,1,104.98,49.73,116.16,25.35,23.802,105.0,16
371,1,104.98,60.78,121.30,30.07,24.247,107.0,17
409,1,104.98,71.83,127.20,34.38,23.788,116.0,18
455,1,104.98,82.88,133.75,38.29,24.569,116.5,19
507,1,104.98,93.93,140.86,41.82,24.279,125.5,20
547,1,104.98,104.98,148.46,45.00,23.679,138.0,23
617,1,104.98,116.03,156.47,47.86,23.682,146.0,24
691,1,104.98,127.08,164.83,50.44,23.929,152.0,25
771,1,104.98,138.12,173.49,52.77,24.138,158.5,26
847,1,104.98,149.18,182.41,54.87,23.083,179.0,29
929,1,104.98,160.23,191.55,56.77,23.101,188.5,30
1029,1,104.98,171.28,200.89,58.50,34.214,91.9,33
1093,1,104.98,182.33,210.39,60.07,33.149,105.4,32
1149,1,104.98,193.38,220.03,61.50,30.820,131.8,35
1168,4,116.03,-193.38,225.51,-59.04,30.657,137.0,36
1128,4,116.03,-182.33,216.11,-57.53,31.902,119.5,35
1076,4,116.03,-171.28,206.87,-55.89,34.010,96.6,32
1004,4,116.03,-160.23,197.82,-54.09,23.733,187.5,31
910,4,116.03,-149.18,188.98,-52.13,24.491,170.0,28
816,4,116.03,-138.12,180.39,-49.97,22.898,179.0,29
754,4,116.03,-127.08,172.08,-47.60,24.002,158.5,26
678,4,116.03,-116.03,164.08,-45.00,23.854,152.0,25
618,4,116.03,-104.98,156.47,-42.14,23.682,146.0,24
560,4,116.03,-93.93,149.28,-38.99,23.770,138.0,23
518,4,116.03,-82.88,142.58,-35.54,24.479,125.5,20
468,4,116.03,-71.83,136.46,-31.76,23.550,127.0,21
434,4,116.03,-60.78,130.98,-27.65,24.269,116.0,18
394,4,116.03,-49.73,126.23,-23.20,23.571,116.5,19
378,4,116.03,-38.68,122.30,-18.43,24.648,105.0,16
362,4,116.03,-27.62,119.27,-13.39,23.912,107.0,17
346,4,116.03,-16.58,117.20,-8.13,23.890,105.0,16
334,4,116.03,-5.53,116.16,-2.73,23.420,107.0,17
335,1,116.03,5.53,116.16,2.73,23.420,107.0,17
347,1,116.03,16.58,117.20,8.13,23.890,105.0,16
363,1,116.03,27.62,119.27,13.39,23.912,107.0,17
379,1,116.03,38.68,122.30,18.43,24.648,105.0,16
395,1,116.03,49.73,126.23,23.20,23.571,116.5,19
435,1,116.03,60.78,130.98,27.65,24.269,116.0,18
469,1,116.03,71.83,136.46,31.76,23.550,127.0,21
519,1,116.03,82.88,142.58,35.54,24.479,125.5,20
561,1,116.03,93.93,149.28,38.99,23.770,138.0,23
619,1,116.03,104.98,156.47,42.14,23.682,146.0,24
679,1,116.03,116.03,164.08,45.00,23.854,152.0,25
755,1,116.03,127.08,172.08,47.60,24.002,158.5,26
817,1,116.03,138.12,180.39,49.97,22.898,179.0,29
911,1,116.03,149.18,188.98,52.13,24.491,170.0,28
1005,1,116.03,160.23,197.82,54.09,23.733,187.5,31
1077,1,116.03,171.28,206.87,55.89,33.788,98.4,32
1129,1,116.03,182.33,216.11,57.53,31.704,121.2,35
1169,1,116.03,193.38,225.51,59.04,30.476,138.8,36
1196,4,127.08,-193.38,231.39,-56.69,29.838,149.3,37
1160,4,127.08,-182.33,222.24,-55.12,30.800,133.5,34
1112,4,127.08,-171.28,213.27,-53.43,32.520,112.4,35
1052,4,127.08,-160.23,204.50,-51.58,34.253,93.5,32
986,4,127.08,-149.18,195.96,-49.57,23.575,187.5,31
896,4,127.08,-138.12,187.69,-47.39,24.376,170.0,28
810,4,127.08,-127.08,179.71,-45.00,22.835,179.0,29
756,4,127.08,-116.03,172.08,-42.40,24.002,158.5,26
692,4,127.08,-104.98,164.83,-39.56,23.929,152.0,25
634,4,127.08,-93.93,158.02,-36.47,23.845,146.0,24
586,4,127.08,-82.88,151.71,-33.11,24.036,138.0,23
534,4,127.08,-71.83,145.97,-29.48,23.900,133.5,22
508,4,127.08,-60.78,140.86,-25.56,24.072,127.0,21
470,4,127.08,-49.73,136.46,-21.37,23.714,125.5,20
446,4,127.08,-38.68,132.83,-16.93,24.408,116.5,19
426,4,127.08,-27.62,130.04,-12.26,24.103,116.0,18
418,4,127.08,-16.58,128.15,-7.43,23.771,116.5,19
410,4,127.08,-5.53,127.20,-2.49,23.690,116.0,18
411,1,127.08,5.53,127.20,2.49,23.690,116.0,18
419,1,127.08,16.58,128.15,7.43,23.771,116.5,19
427,1,127.08,27.62,130.04,12.26,24.103,116.0,18
447,1,127.08,38.68,132.83,16.93,24.408,116.5,19
471,1,127.08,49.73,136.46,21.37,23.714,125.5,20
509,1,127.08,60.78,140.86,25.56,24.072,127.0,21
535,1,127.08,71.83,145.97,29.48,23.900,133.5,22
587,1,127.08,82.88,151.71,33.11,24.036,138.0,23
635,1,127.08,93.93,158.02,36.47,23.845,146.0,24
693,1,127.08,104.98,164.83,39.56,23.929,152.0,25
757,1,127.08,116.03,172.08,42.40,24.002,158.5,26
811,1,127.08,127.08,179.71,45.00,22.835,179.0,29
897,1,127.08,138.12,187.69,47.39,24.376,170.0,28
987,1,127.08,149.18,195.96,49.57,23.575,187.5,31
1053,1,127.08,160.23,204.50,51.58,34.253,93.5,32
1113,1,127.08,171.28,213.27,53.43,32.315,114.2,35
1161,1,127.08,182.33,222.24,55.12,30.615,135.3,34
1197,1,127.08,193.38,231.39,56.69,29.668,151.1,37
1220,4,138.12,-193.38,237.64,-54.46,29.275,159.9,38
1188,4,138.12,-182.33,228.74,-52.85,30.002,145.8,37
1150,4,138.12,-171.28,220.03,-51.12,31.212,128.2,34
1104,4,138.12,-160.23,211.54,-49.24,32.821,108.9,35
1044,4,138.12,-149.18,203.30,-47.20,34.247,93.0,32
964,4,138.12,-138.12,195.34,-45.00,23.521,187.5,31
898,4,138.12,-127.08,187.69,-42.61,24.376,170.0,28
818,4,138.12,-116.03,180.39,-40.03,22.898,179.0,29
772,4,138.12,-104.98,173.49,-37.23,24.138,158.5,26
710,4,138.12,-93.93,167.03,-34.22,24.149,152.0,25
662,4,138.12,-82.88,161.08,-30.96,24.163,146.0,24
610,4,138.12,-71.83,155.68,-27.47,24.462,138.0,23
578,4,138.12,-60.78,150.90,-23.75,24.447,133.5,22
542,4,138.12,-49.73,146.80,-19.80,23.458,138.0,23
526,4,138.12,-38.68,143.44,-15.64,24.535,125.5,20
510,4,138.12,-27.62,140.86,-11.31,24.031,127.0,21
486,4,138.12,-16.58,139.12,-6.84,23.990,125.5,20
478,4,138.12,-5.53,138.24,-2.29,23.681,127.0,21
479,1,138.12,5.53,138.24,2.29,23.681,127.0,21
487,1,138.12,16.58,139.12,6.84,23.990,125.5,20
511,1,138.12,27.62,140.86,11.31,24.031,127.0,21
527,1,138.12,38.68,143.44,15.64,24.535,125.5,20
543,1,138.12,49.73,146.80,19.80,23.458,138.0,23
579,1,138.12,60.78,150.90,23.75,24.447,133.5,22
611,1,138.12,71.83,155.68,27.47,24.462,138.0,23
663,1,138.12,82.88,161.08,30.96,24.163,146.0,24
711,1,138.12,93.93,167.03,34.22,24.149,152.0,25
773,1,138.12,104.98,173.49,37.23,24.138,158.5,26
819,1,138.12,116.03,180.39,40.03,22.898,179.0,29
899,1,138.12,127.08,187.69,42.61,24.376,170.0,28
965,1,138.12,138.12,195.34,45.00,23.521,187.5,31
1045,1,138.12,149.18,203.30,47.20,34.247,93.0,32
1105,1,138.12,160.23,211.54,49.24,32.612,110.7,35
1151,1,138.12,171.28,220.03,51.12,31.022,130.0,34
1189,1,138.12,182.33,228.74,52.85,29.828,147.6,37
1221,1,138.12,193.38,237.64,54.46,29.113,161.6,38
1240,4,149.18,-193.38,244.23,-52.35,28.935,168.7,39
1212,4,149.18,-182.33,235.58,-50.71,29.463,156.4,38
1180,4,149.18,-171.28,227.13,-48.95,30.243,142.3,37
1136,4,149.18,-160.23,218.92,-47.05,31.714,123.0,34
1098,4,149.18,-149.18,210.97,-45.00,32.993,107.2,33
1046,4,149.18,-138.12,203.30,-42.80,34.247,93.0,32
988,4,149.18,-127.08,195.96,-40.43,23.575,187.5,31
912,4,149.18,-116.03,188.98,-37.87,24.491,170.0,28
848,4,149.18,-104.98,182.41,-35.13,23.083,179.0,29
798,4,149.18,-93.93,176.28,-32.20,24.403,158.5,26
726,4,149.18,-82.88,170.65,-29.05,23.223,165.0,27
702,4,149.18,-71.83,165.57,-25.71,24.616,146.0,24
664,4,149.18,-60.78,161.08,-22.17,23.519,152.0,25
626,4,149.18,-49.73,157.24,-18.43,23.733,146.0,24
602,4,149.18,-38.68,154.11,-14.53,24.260,138.0,23
594,4,149.18,-27.62,151.71,-10.49,24.498,133.5,22
570,4,149.18,-16.58,150.09,-6.34,23.789,138.0,23
562,4,149.18,-5.53,149.28,-2.12,24.195,133.5,22
563,1,149.18,5.53,149.28,2.12,24.195,133.5,22
571,1,149.18,16.58,150.09,6.34,23.789,138.0,23
595,1,149.18,27.62,151.71,10.49,24.498,133.5,22
603,1,149.18,38.68,154.11,14.53,24.260,138.0,23
627,1,149.18,49.73,157.24,18.43,23.733,146.0,24
665,1,149.18,60.78,161.08,22.17,23.519,152.0,25
703,1,149.18,71.83,165.57,25.71,24.616,146.0,24
727,1,149.18,82.88,170.65,29.05,23.223,165.0,27
799,1,149.18,93.93,176.28,32.20,24.403,158.5,26
849,1,149.18,104.98,182.41,35.13,23.083,179.0,29
913,1,149.18,116.03,188.98,37.87,24.491,170.0,28
989,1,149.18,127.08,195.96,40.43,23.575,187.5,31
1047,1,149.18,138.12,203.30,42.80,34.247,93.0,32
1099,1,149.18,149.18,210.97,45.00,32.993,107.2,33
1137,1,149.18,160.23,218.92,47.05,31.520,124.7,34
1181,1,149.18,171.28,227.13,48.95,30.066,144.1,37
1213,1,149.18,182.33,235.58,50.71,29.298,158.1,38
1241,1,149.18,193.38,244.23,52.35,28.780,170.4,39
1256,4,160.23,-193.38,251.13,-50.36,28.790,175.7,40
1232,4,160.23,-182.33,242.72,-48.69,29.148,165.2,39
1204,4,160.23,-171.28,234.54,-46.91,29.725,152.8,38
1174,4,160.23,-160.23,226.59,-45.00,30.384,140.5,37
1138,4,160.23,-149.18,218.92,-42.95,31.520,124.7,34
1106,4,160.23,-138.12,211.54,-40.76,32.612,110.7,35
1054,4,160.23,-127.08,204.50,-38.42,34.253,93.5,32
1006,4,160.23,-116.03,197.82,-35.91,23.733,187.5,31
930,4,160.23,-104.98,191.55,-33.23,23.101,188.5,30
880,4,160.23,-93.93,185.73,-30.38,23.383,179.0,29
826,4,160.23,-82.88,180.39,-27.35,23.692,170.0,28
788,4,160.23,-71.83,175.59,-24.15,23.697,165.0,27
740,4,160.23,-60.78,171.36,-20.77,23.906,158.5,26
718,4,160.23,-49.73,167.76,-17.24,22.915,165.0,27
694,4,160.23,-38.68,164.83,-13.57,24.512,146.0,24
674,4,160.23,-27.62,162.59,-9.78,23.644,152.0,25
666,4,160.23,-16.58,161.08,-5.91,24.100,146.0,24
642,4,160.23,-5.53,160.32,-1.97,23.382,152.0,25
643,1,160.23,5.53,160.32,1.97,23.382,152.0,25
667,1,160.23,16.58,161.08,5.91,24.100,146.0,24
675,1,160.23,27.62,162.59,9.78,23.644,152.0,25
695,1,160.23,38.68,164.83,13.57,24.512,146.0,24
719,1,160.23,49.73,167.76,17.24,22.915,165.0,27
741,1,160.23,60.78,171.36,20.77,23.906,158.5,26
789,1,160.23,71.83,175.59,24.15,23.697,165.0,27
827,1,160.23,82.88,180.39,27.35,23.692,170.0,28
881,1,160.23,93.93,185.73,30.38,23.383,179.0,29
931,1,160.23,104.98,191.55,33.23,23.101,188.5,30
1007,1,160.23,116.03,197.82,35.91,23.733,187.5,31
1055,1,160.23,127.08,204.50,38.42,34.253,93.5,32
1107,1,160.23,138.12,211.54,40.76,32.821,108.9,35
1139,1,160.23,149.18,218.92,42.95,31.714,123.0,34
1175,1,160.23,160.23,226.59,45.00,30.384,140.5,37
1205,1,160.23,171.28,234.54,46.91,29.558,154.6,38
1233,1,160.23,182.33,242.72,48.69,28.990,166.9,39
1257,1,160.23,193.38,251.13,50.36,28.640,177.5,40
1268,4,171.28,-193.38,258.32,-48.47,28.820,181.0,42
1248,4,171.28,-182.33,250.16,-46.79,29.028,172.2,40
1226,4,171.28,-171.28,242.22,-45.00,29.272,163.4,39
1206,4,171.28,-160.23,234.54,-43.09,29.558,154.6,38
1182,4,171.28,-149.18,227.13,-41.05,30.066,144.1,37
1152,4,171.28,-138.12,220.03,-38.88,31.022,130.0,34
1114,4,171.28,-127.08,213.27,-36.57,32.315,114.2,35
1078,4,171.28,-116.03,206.87,-34.11,33.788,98.4,32
1030,4,171.28,-104.98,200.89,-31.50,34.214,91.9,33
974,4,171.28,-93.93,195.34,-28.74,23.428,188.5,30
922,4,171.28,-82.88,190.27,-25.82,23.062,187.5,31
882,4,171.28,-71.83,185.73,-22.75,24.178,170.0,28
834,4,171.28,-60.78,181.74,-19.54,23.000,179.0,29
806,4,171.28,-49.73,178.35,-16.19,23.479,170.0,28
790,4,171.28,-38.68,175.59,-12.72,23.672,165.0,27
774,4,171.28,-27.62,173.49,-9.16,24.084,158.5,26
758,4,171.28,-16.58,172.08,-5.53,23.311,165.0,27
742,4,171.28,-5.53,171.36,-1.85,23.853,158.5,26
743,1,171.28,5.53,171.36,1.85,23.853,158.5,26
759,1,171.28,16.58,172.08,5.53,23.311,165.0,27
775,1,171.28,27.62,173.49,9.16,24.084,158.5,26
791,1,171.28,38.68,175.59,12.72,23.672,165.0,27
807,1,171.28,49.73,178.35,16.19,23.479,170.0,28
835,1,171.28,60.78,181.74,19.54,23.000,179.0,29
883,1,171.28,71.83,185.73,22.75,24.178,170.0,28
923,1,171.28,82.88,190.27,25.82,23.062,187.5,31
975,1,171.28,93.93,195.34,28.74,23.428,188.5,30
1031,1,171.28,104.98,200.89,31.50,34.214,91.9,33
1079,1,171.28,116.03,206.87,34.11,34.010,96.6,32
1115,1,171.28,127.08,213.27,36.57,32.520,112.4,35
1153,1,171.28,138.12,220.03,38.88,31.212,128.2,34
1183,1,171.28,149.18,227.13,41.05,30.243,142.3,37
1207,1,171.28,160.23,234.54,43.09,29.725,152.8,38
1227,1,171.28,171.28,242.22,45.00,29.272,163.4,39
1249,1,171.28,182.33,250.16,46.79,28.876,173.9,40
1269,1,171.28,193.38,258.32,48.47,28.675,182.7,42
1276,4,182.33,-193.38,265.77,-46.68,29.010,184.5,41
1262,4,182.33,-182.33,257.85,-45.00,28.936,179.2,42
1250,4,182.33,-171.28,250.16,-43.21,28.876,173.9,40
1234,4,182.33,-160.23,242.72,-41.31,28.990,166.9,39
1214,4,182.33,-149.18,235.58,-39.29,29.298,158.1,38
1190,4,182.33,-138.12,228.74,-37.15,29.828,147.6,37
1162,4,182.33,-127.08,222.24,-34.88,30.615,135.3,34
1130,4,182.33,-116.03,216.11,-32.47,31.704,121.2,35
1094,4,182.33,-104.98,210.39,-29.93,33.149,105.4,32
1062,4,182.33,-93.93,205.10,-27.26,34.236,93.8,33
1022,4,182.33,-82.88,200.28,-24.44,34.190,91.6,32
990,4,182.33,-71.83,195.96,-21.50,23.555,187.5,31
938,4,182.33,-60.78,192.19,-18.43,23.137,188.5,30
914,4,182.33,-49.73,188.98,-15.26,23.652,179.0,29
890,4,182.33,-38.68,186.38,-11.98,24.213,170.0,28
866,4,182.33,-27.62,184.41,-8.62,23.221,179.0,29
858,4,182.33,-16.58,183.08,-5.19,23.892,170.0,28
850,4,182.33,-5.53,182.41,-1.74,23.018,179.0,29
851,1,182.33,5.53,182.41,1.74,23.018,179.0,29
859,1,182.33,16.58,183.08,5.19,23.892,170.0,28
867,1,182.33,27.62,184.41,8.62,23.221,179.0,29
891,1,182.33,38.68,186.38,11.98,24.213,170.0,28
915,1,182.33,49.73,188.98,15.26,23.652,179.0,29
939,1,182.33,60.78,192.19,18.43,23.137,188.5,30
991,1,182.33,71.83,195.96,21.50,23.555,187.5,31
1023,1,182.33,82.88,200.28,24.44,34.190,91.6,32
1063,1,182.33,93.93,205.10,27.26,34.236,93.8,33
1095,1,182.33,104.98,210.39,29.93,33.362,103.6,32
1131,1,182.33,116.03,216.11,32.47,31.902,119.5,35
1163,1,182.33,127.08,222.24,34.88,30.800,133.5,34
1191,1,182.33,138.12,228.74,37.15,30.002,145.8,37
1215,1,182.33,149.18,235.58,39.29,29.463,156.4,38
1235,1,182.33,160.23,242.72,41.31,29.148,165.2,39
1251,1,182.33,171.28,250.16,43.21,29.028,172.2,40
1263,1,182.33,182.33,257.85,45.00,28.936,179.2,42
1277,1,182.33,193.38,265.77,46.68,28.868,186.2,41
1282,4,193.38,-193.38,273.47,-45.00,29.208,188.0,43
1278,4,193.38,-182.33,265.77,-43.32,28.868,186.2,41
1270,4,193.38,-171.28,258.32,-41.53,28.675,182.7,42
1258,4,193.38,-160.23,251.13,-39.64,28.640,177.5,40
1242,4,193.38,-149.18,244.23,-37.65,28.780,170.4,39
1222,4,193.38,-138.12,237.64,-35.54,29.113,161.6,38
1198,4,193.38,-127.08,231.39,-33.31,29.668,151.1,37
1170,4,193.38,-116.03,225.51,-30.96,30.476,138.8,36
1154,4,193.38,-104.98,220.03,-28.50,30.820,131.8,35
1122,4,193.38,-93.93,214.98,-25.91,32.009,117.7,34
1086,4,193.38,-82.88,210.39,-23.20,33.559,101.9,33
1070,4,193.38,-71.83,206.28,-20.38,34.156,94.8,32
1038,4,193.38,-60.78,202.70,-17.45,34.182,92.7,33
1014,4,193.38,-49.73,199.67,-14.42,23.776,188.5,30
998,4,193.38,-38.68,197.20,-11.31,23.641,187.5,31
966,4,193.38,-27.62,195.34,-8.13,23.389,188.5,30
954,4,193.38,-16.58,194.08,-4.90,23.355,187.5,31
946,4,193.38,-5.53,193.45,-1.64,23.208,188.5,30
947,1,193.38,5.53,193.45,1.64,23.208,188.5,30
955,1,193.38,16.58,194.08,4.90,23.355,187.5,31
967,1,193.38,27.62,195.34,8.13,23.389,188.5,30
999,1,193.38,38.68,197.20,11.31,23.641,187.5,31
1015,1,193.38,49.73,199.67,14.42,23.776,188.5,30
1039,1,193.38,60.78,202.70,17.45,34.182,92.7,33
1071,1,193.38,71.83,206.28,20.38,34.222,94.3,32
1087,1,193.38,82.88,210.39,23.20,33.775,100.1,33
1123,1,193.38,93.93,214.98,25.91,32.210,115.9,34
1155,1,193.38,104.98,220.03,28.50,31.388,126.5,35
1171,1,193.38,116.03,225.51,30.96,30.657,137.0,36
1199,1,193.38,127.08,231.39,33.31,29.838,149.3,37
1223,1,193.38,138.12,237.64,35.54,29.275,159.9,38
1243,1,193.38,149.18,244.23,37.65,28.935,168.7,39
1259,1,193.38,160.23,251.13,39.64,28.790,175.7,40
1271,1,193.38,171.28,258.32,41.53,28.820,181.0,42
1279,1,193.38,182.33,265.77,43.32,29.010,184.5,41
1283,1,193.38,193.38,273.47,45.00,29.208,188.0,43
